(dev-scipy)vene@vene-air ~/lingv/misc-nlp/substantive (substantive) $ python classify.py
Stored singular model found, loading...
Loading neutral data...
Predicting...
0.991651394828
Stored plural model found, loading...
Loading neutral data...
Predicting...
0.932193036042
.	f	m
m	9086	654
f	70	12
.	f	m
m	0.9251	0.0666
f	0.0071	0.0012
Words completely misclassified:
cafe / cafeuri
dezabie / dezabieuri
bucle / bucleuri
haşe / haşeuri
levantină / levantinuri
consomme / consommeuri
lame / lameuri
parfe / parfeuri
bageacă / bageci
bie / bieuri
pefele / pefeleuri
coclaură / coclauri



Words with misclassified singular:
labride / labride
peridotită / peridotite
bleniide / bleniide
odontocete / odontocete
diplopode / diplopode
digeste / digeste
vagon-cisternă / vagoane-cisternă
pantopode / pantopode
monosilabă / monosilabe
cuvânt-cheie / cuvinte-cheie
foarfece / foarfece
colindă / colinde
exuvie / exuvii
borborigme / borborigme
leporide / leporide
sote / soteuri
degrade / degradeuri
metatorace / metatorace
papainoage / papainoage
protorace / protorace
autodafe / autodafeuri
mandibulate / mandibulate
engraulide / engraulide
balon-sondă / baloane-sondă
plie / plieuri
raid-anchetă / raiduri-anchetă
microhală / microhale
pronume / pronume
guvern-marionetă / guverne-marionetă
pântece / pântece
cumacee / cumacee
gram-forţă / grame-forţă
fringilidă / fringilide
cambre / cambreuri
amestec / amestecuri
cuvânt-matcă / cuvinte-matcă
nume / nume
torace / torace
corvide / corvide
laringe / laringe
spate / spate
heteropode / heteropode
beloniforme / beloniforme
foale / foale
prenume / prenume
chilofite / chilofite
cervide / cervide
file / fileuri
supranume / supranume
patentă / patente
actinomicetă / actinomicete
crinoide / crinoide
sauropode / sauropode
cuvânt-vedetă / cuvinte-vedetă
carcinoză / carcinoze
belonide / belonide
cloroleucită / cloroleucite
portavoce / portavoce
dulce / dulciuri
meninge / meninge
amblipodă / amblipode
pianoforte / pianoforte
kilogram-forţă / kilograme-forţă
depliere / deplieri
pahimeninge / pahimeninge
scombride / scombride
hiperbată / hiperbate
faringe / faringe
cefalotorace / cefalotorace
ghismană / ghismane



Words with misclassified plural:
biofond / biofonduri
autoplug / autopluguri
fertilizator / fertilizatori
esofag / esofaguri
monotip / monotipuri
grisai / grisaiuri
hogeag / hogeaguri
portmantou / portmantouri
algoritm / algoritmi
decolteu / decolteuri
moleschin / moleschinuri
milioersted / milioerstezi
balsam / balsamuri
macrameu / macrameuri
odicolon / odicolonuri
şturţ / şturţuri
bongos / bongosuri
epicarp / epicarpuri
şirag / şiraguri
sandviş / sandvişuri
portchei / portchei
crescendo / crescendouri
tifdruc / tifdrucuri
ciborium / ciboriumuri
cvadrilion / cvadrilioni
tahitop / tahitopuri
derbi / derbiuri
ferodou / ferodouri
bilanţ / bilanţuri
jgheab / jgheaburi
jab / jaburi
colhoz / colhozuri
avizo / avizouri
saleu / saleuri
crug / cruguri
ongleu / ongleuri
zapcilâc / zapcilâcuri
oligist / oligişti
arbănaş / arbănaşi
blocant / blocanţi
ruliu / ruliuri
zbeng / zbenguri
furtişag / furtişaguri
hang / hanguri
buşeu / buşeuri
herpes / herpesuri
borţ / borţuri
rizotom / rizotomi
endocarp / endocarpuri
liofilizator / liofilizatori
fotomozaic / fotomozaicuri
soi / soiuri
drob / droburi
mamon / mamoni
plastotip / plastotipuri
antijivrant / antijivranţi
năsuc / năsucuriuri
bicorn / bicornuri
raliu / raliuri
taxi / taxiuri
lăor / lăori
cathartic / cathartici
şvarţ / şvarţuri
drajeu / drajeuri
cep / cepuri
tălmăşag / tălmăşaguri
gref / grefuri
heliotrop / heliotropuri
cadou / cadouri
landenian / landenieni
schingi / schingiuri
ecou / ecouri
bufeu / bufeuri
interviu / interviuri
panseu / panseuri
praxiu / praxiuri
lambou / lambouri
geoecotip / geoecotipuri
macrou / macrouri
focalizator / focalizatori
radioclub / radiocluburi
parching / parchinguri
meleag / meleaguri
şteamp / şteampuri
crep / crepuri
şevro / şevrouri
puşlamalâc / puşlamalâcuri
dăruşag / dăruşaguri
azotobacterian / azotobacterieni
lapiez / lapiezuri
zob / zoburi
lambriu / lambriuri
handicap / handicapuri
hleab / hleaburi
şasiu / şasiuri
boi / boiuri
buburuz / buburuzi
andruc / andrucuri
linotip / linotipuri
stenotip / stenotipuri
gherdap / gherdapuri
sagum / sagumuri
strung / strunguri
zero / zerouri
bageac / bageacuri
scrob / scroburi
puci / puciuri
saşeu / saşeuri
acumulator / acumulatori
fistic / fisticuri
garou / garouri
cocleţ / cocleţi
makemono / makemonouri
beilic / beilicuri
carcafung / carcafunguri
gelep / gelepuri
rumb / rumburi
bogasiu / bogasiuri
domino / dominouri
beci / beciuri
şampon / şamponuri
corpus / corpusuri
ultimatum / ultimatumuri
mucegai / mucegaiuri
baiţ / baiţuri
microparazit / microparaziţi
aerodinam / aerodinamuri
bunceag / bunceaguri
naufragiu / naufragii
rolgang / rolganguri
cheag / cheaguri
şluc / şlucuri
mantou / mantouri
schip / schipuri
branciog / brancioguri
suflai / suflaiuri
trusou / trusouri
sandvici / sandviciuri
banjo / banjouri
copil / copili
suspans / suspansuri
intermezzo / intermezzi
copolimer / copolimeri
startbloc / startblocuri
gabrou / gabrouri
sufragiu / sufragii
şodou / şodouri
talus / talusuri
stagiu / stagii
carilon / carilonuri
gang / ganguri
obicei / obiceiuri
caracterograf / caracterografi
perlofil / perlofili
daghereotip / daghereotipuri
buluc / bulucuri
meleu / meleuri
laringospasm / laringospasmuri
cvadruplet / cvadrupleţi
cineclub / cinecluburi
potpuriu / potpuriuri
areopag / areopaguri
cupiu / cupiuri
şorţ / şorţuri
panou / panouri
berbantlâc / berbantlâcuri
hagealâc / hagealâcuri
necrolog / necrologuri
antivirus / antiviruşi
gong / gonguri
aeroclub / aerocluburi
şmag / şmaguri
gazeu / gazeuri
plai / plaiuri
moto / motouri
rulou / rulouri
borangic / borangicuri
doliu / doliuri
autobalsam / autobalsamuri
ghiob / ghioburi
ecofenotip / ecofenotipuri
greabăn / grebeni
maus / mausuri
tahmin / tahminuri
murg / murguri
picou / picouri
brandenburg / brandenburguri
bucluc / buclucuri
atrium / atriumuri
spining / spininguri
fleuron / fleuroni
antihalo / antihalouri
magnetou / magnetouri
bibelou / bibelouri
orotip / orotipuri
popou / popouri
cuplor / cuplori
ghetou / ghetouri
surguci / surguciuri
ştiob / ştioburi
autovaccin / autovaccinuri
acetofan / acetofani
miez / miezi
gladium / gladiumuri
prag / praguri
scheci / scheciuri
salep / salepuri
merchez / merchezuri
fişic / fişicuri
fişiu / fişiuri
prognostic / prognosticuri
ştaif / ştaifuri
basc / bascuri
fenian / fenieni
biotop / biotopuri
emistih / emistihuri
beteşug / beteşuguri
alişveriş / alişverişuri
metacarp / metacarpuri
prolog / prologuri
rug / ruguri
bumerang / bumeranguri
plumb / plumburi
vicleşug / vicleşuguri
barou / barouri
bioritm / bioritmuri
ricoşeu / ricoşeuri
rebo / rebouri
jerseu / jerseuri
şpraiţ / şpraiţuri
ciuruc / ciurucuri
gătejel / gătejei
fitoplancton / fitoplanctonuri
ciob / cioburi
tuşier / tuşieri
şterţ / şterţuri
alibi / alibiuri
stop / stopuri
romb / romburi
burg / burguri
zbanţ / zbanţuri
cadril / cadriluri
galvanotip / galvanotipuri
smeci / smeciuri
agio / agiouri
şevrou / şevrouri
aerotaxi / aerotaxiuri
water-balast / water-balasturi
birlic / birlicuri
contracâmp / contracâmpuri
porumb / porumburi
spasm / spasmuri
cordenci / cordenciuri
hinterland / hinterlanduri
trio / triouri
zmeuriş / zmeurişuri
trib / triburi
comando / comandouri
tehnocrat / tehnocraţi
velastrai / velastraiuri
presurizator / presurizatori
prodigiu / prodigii
arhipelag / arhipelaguri
fus / fusuriuri
fitohormon / fitohormoni
meci / meciuri
oment / omenţi
gulag / gulaguri
sandarac / sandaracuri
antigen / antigeni
poantou / poantouri
franj / franjuri
neglijeu / neglijeuri
lintou / lintouri
mucilagiu / mucilagii
gheb / gheburi
marochin / marochinuri
lanternou / lanternouri
embargo / embargouri
autostop / autostopuri
papirus / papirusuri
fado / fadouri
haos / haosuri
sclai / sclaiuri
western / westernuri
disagio / disagiouri
mezocarp / mezocarpuri
bandou / bandouri
feleşag / feleşaguri
corp / corpuri
landou / landouri
atomal / atomali
vălug / văluguri
electrodinam / electrodinamuri
nimb / nimburi
cuantum / cuantumuri
colon / colonuri
gherghef / gherghefuri
clon / cloni
caşerat / caşeraţi
trenci / trenciuri
şanfren / şanfrenuri
penalti / penaltiuri
proţap / proţapuri
condac / condaci
poşidic / poşidicuri
somatotip / somatotipuri
cubilou / cubilouri
canaf / canafi
scampolo / scampolouri
himeneu / himeneuri
etambou / etambouri
tabloid / tabloizi
spirai / spiraiuri
fasung / fasunguri
feromon / feromoni
poghiaz / poghiazuri
fronseu / fronseuri
ştreang / ştreanguri
luping / lupinguri
blacheu / blacheuri
algicid / algicizi
madipolon / madipolonuri
planiglob / planigloburi
slai / slaiuri
goniograf / goniografi
tricou / tricouri
cazinou / cazinouri
mascon / masconi
sandou / sandouri
meşteşug / meşteşuguri
calutron / calutroni
colegiu / colegii
cavou / cavouri
saxhorn / saxhornuri
jabou / jabouri
drumeag / drumeaguri
mihrab / mihrabi
leşnic / leşnici
hublou / hublouri
bizou / bizouri
genom / genomi
jeb / jeburi
jărăgai / jărăgaiuri
motoplug / motopluguri
carou / carouri
luciu / luciuri
ciomp / ciompuri
slin / slinuri
foburg / foburguri
subrau / subrauri
usuc / usucuri
huci / huciuri
lactofermentator / lactofermentatori
ripeag / ripeaguri
calus / calusuri
calup / calupuri
humerus / humeruşi
carcinotron / carcinotroni
bovindou / bovindouri
salop / salopuri
banc / bancuri
preaplin / preaplinuri
şantan / şantanuri
indigo / indigouri
dalton / daltoni
diluat / diluaţi
caş / caşi
cab / caburi
onduleu / onduleuri
amurg / amurguri
anotimp / anotimpuri
mehtup / mehtupuri
indol / indoli
lob / loburi
baldachin / baldachinuri
talhâş / talhâşuri
borderou / borderouri
canceroid / canceroizi
afixoid / afixoizi
şai / şaiuri
hipomobil / hipmobiluri
varec / vareci
lasou / lasouri
ştab / ştaburi
landşaft / landşafturi
diptanc / diptancuri
buhai / buhaiuri
caravanserai / caravanseraiuri
stei / steiuri
step / stepuri
ghiuden / ghiudenuri
sanhedrin / sanhedrinuri
camerton / camertonuri
şantung / şantunguri
platou / platouri
mering / meringuri
grai / graiuri
belşug / belşuguri
prohab / prohaburi
bond / bonduri
linou / linouri
bailag / bailaguri
arţag / arţaguri
aurolac / aurolacuri
ribovirus / ribovirusuri
escalop / escalopuri
sloi / sloiuri
pebegaz / pebegazuri
mai / maiuri
safari / safariuri
crib / criburi
zigzag / zigzaguri
ravagiu / ravagii
teleinterviu / teleinterviuri
tuci / tuciuri
arhiloc / arhilocuri
lapiaz / lapiazuri
sevai / sevaiuri
sacnasiu / sacnasiuri
litou / litouri
declin / declinuri
declic / declicuri
abandon / abandonuri
monorai / monoraiuri
exocarp / exocarpuri
defileu / defileuri
gag / gaguri
tubing / tubinguri
reşou / reşouri
permisionar / permisionari
antielectron / antielectroni
ţug / ţuguri
tain / tainuri
campus / campusuri
haplobiont / haplobionţi
melanj / melanjuri
strai / straiuri
rang / ranguri
haraci / haraciuri
zaimf / zaimfuri
plug / pluguri
şaliu / şaliuri
triatlon / triatlonuri
mapamond / mapamonduri
ultravirus / ultravirusuri
rondo / rondouri
tangou / tangouri
ulişor / ulişori
elativ / elativi
serj / serjuri
surghiun / surghiunuri
stand / standuri
divorţ / divorţuri
vinci / vinciuri
ţuhaus / ţuhausuri
şiboi / şiboiuri
sacou / sacouri
şlep / şlepuri
robanc / robancuri
tablou / tablouri
arhetip / arhetipuri
chimonou / chimonouri
bistrou / bistrouri
dixtuor / dixtuori
capan / capanuri
cadus / cadusuri
vălmăşag / vălmăşaguri
tarif / tarifuri
samson / samsoni
dopant / dopanţi
sulgiu / sulgiuri
stilou / stilouri
chişai / chişaiuri
caimac / caimacuri
hop / hopuri
şahăr-mahăr / şahăr-mahăruri
rond / ronduri
jazband / jazbanduri
clei / cleiuri
gabro / gabrouri
timp / timpuri
giumbuşluc / giumbuşlucuri
şah / şahuri
bionist / bionişti
vang / vanguri
hatişerif / hatişerifuri
guturai / guturaiuri
ghioci / ghiociuri
paşalâc / paşalâcuri
câmp / câmpi
mozaic / mozaicuri
nanchin / nanchinuri
autodric / autodricuri
moloşag / moloşaguri
parfum / parfumuri
bedreag / bedreaguri
teriac / teriacuri
adagiu / adagii
învălmăşag / învălmăşaguri
şagrin / şagrinuri
alograf / alografi
labrador / labradori
butilcauciuc / butilcauciucuriuri
lănţug / lănţuguri
prieteşug / prieteşuguri
naos / naosuri
argou / argouri
deodorant / deodoranţi
jug / juguri
şlif / şlifuri
maşiculiu / maşiculiuri
lavabou / lavabouri
orceag / orceaguri
cocoloş / cocoloşi
olmaz / olmazuri
batardou / batardouri
balast / balasturi
steag / steaguri
dric / dricuri
tondo / tondouri
club / cluburi
terci / terciuri
imprimeu / imprimeuri
năboi / năboiuri
compensator / compensatori
şezlong / şezlonguri
musafirlâc / musafirlâcuri
garderob / garderoburi
drug / druguri
ţoi / ţoiuri
astroclub / astrocluburi
hidrocauciuc / hidrocauciucuri
şanţ / şanţuri
simering / simeringuri
alonim / alonimi
cauciuc / cauciucuri
cladodiu / cladodiuri
pambriu / pambriuri
cuarţ / cuarţuri
surmenaj / surmenajuri
etnotip / etnotipuri
lin / linuri
cavicorn / cavicorni
bob / boburi
puseu / puseuri
pronaos / pronaosuri
nai / naiuri
bruderşaft / bruderşafturi
comerţ / comerţuri
lamento / lamentouri
drâng / drânguri
schimb / schimburi
cubiculum / cubiculumuri
muştiuc / muştiucuri
martirologiu / martirologii
ciubuc / ciubucuriuri
pandişpan / pandişpanuri
tălhărăşug / tălhărăşuguri
radiosextant / radiosextanţi
bariotrop / bariotropi
bungalou / bungalouri
mulineu / mulineuri
deck / deckuri
mehenghi / mehenghiuri
haitic / haiticuri
bai / baiuri
mereng / merenguri
microinterviu / microinterviuri
cristalin / cristalinuri
crosing / crosinguri
seriograf / seriografi
buciuc / buciucuri
boaiou / boaiouri
arcaci / arcaciuri
ischion / ischionuri
almanah / almanahuri
miniordinator / miniordinatori
menou / menouri
bombeu / bombeuri
caulicul / cauliculi
zgârci / zgârciuri
antidetonant / antidetonanţi
şperţ / şperţuri
gânj / gânji
chipiu / chipiuri
marţ / marţuri
solbanc / solbancuri
maro / marouri
peloid / peloizi
nichelaj / nichelajuri
tricorn / tricornuri
tripou / tripouri
liber-schimb / liber-schimburi
abc / abeceuri
bleau / bleauri
sarong / saronguri
peciu / peciuri
levantin / levantinuri
holocaust / holocausturi
scalp / scalpuri
hipotalamus / hipotalamuşi
smoching / smochinguri
oloi / oloiuri
calipso / calipsouri
limb / limburi
birou / birouri
scenonim / scenonimi
apolog / apologuri
normotip / normotipi
pariu / pariuri
tasator / tasatori
clenci / clenciuri
namaz / namazuri
bidonvil / bidonviluri
glob / globuri
câşti / câştiuri
repartizator / repartizatori
laptop / laptopuri
godin / godinuri
rondou / rondouri
micaşist / micaşisturi
dâmb / dâmburi
calabalâc / calabalâcuri
radou / radouri
valtrap / valtrapuri
maiou / maiouri
cargou / cargouri
ectofit / ectofiţi
sclerenchim / sclerenchimuri
torpedo / torpedouri
huceag / huceaguri
aisberg / aisberguri
pentateuh / pentateuhuri
maxi-taxi / maxi-taxiuri
polichet / policheţi
ceai / ceaiuri
fiong / fionguri
splai / splaiuri
splau / splauri
caldarâm / caldarâmuri
arz / arzuri
periclin / periclinuri
metrou / metrouri
grep / grepuri
fermenticid / fermenticizi
legatar / legatari
ileon / ileonuri
trap / trapuri
borceag / borceaguri
periteag / periteaguri
cembalo / cembalouri
halo / halouri
tacâm / tacâmuri
Dashes in misclassified sg: 9
Dashes in misclassified pl: 4
-uri plurals: correct 2487, incorrect 557
