Stored singular model found, loading...
Loading neutral data...
Predicting...
0.991447770312
Stored plural model found, loading...
Loading neutral data...
Predicting...
0.979433923844
.	f	m
m	9537	201
f	83	1
.	f	m
m	0.9710	0.0205
f	0.0085	0.0001
Words completely misclassified:
bageacă / bageci



Words with misclassified singular:
labride / labride
peridotită / peridotite
bleniide / bleniide
odontocete / odontocete
diplopode / diplopode
digeste / digeste
vagon-cisternă / vagoane-cisternă
pantopode / pantopode
monosilabă / monosilabe
cuvânt-cheie / cuvinte-cheie
foarfece / foarfece
cafe / cafeuri
colindă / colinde
exuvie / exuvii
ozene / ozeneuri
borborigme / borborigme
leporide / leporide
sote / soteuri
degrade / degradeuri
metatorace / metatorace
papainoage / papainoage
protorace / protorace
autodafe / autodafeuri
mandibulate / mandibulate
engraulide / engraulide
balon-sondă / baloane-sondă
dezabie / dezabieuri
plie / plieuri
raid-anchetă / raiduri-anchetă
microhală / microhale
pronume / pronume
guvern-marionetă / guverne-marionetă
bucle / bucleuri
pântece / pântece
cumacee / cumacee
gram-forţă / grame-forţă
fringilidă / fringilide
cambre / cambreuri
amestec / amestecuri
cuvânt-matcă / cuvinte-matcă
nume / nume
torace / torace
corvide / corvide
laringe / laringe
haşe / haşeuri
spate / spate
heteropode / heteropode
beloniforme / beloniforme
foale / foale
prenume / prenume
chilofite / chilofite
cervide / cervide
levantină / levantinuri
consomme / consommeuri
file / fileuri
supranume / supranume
patentă / patente
lame / lameuri
decret-lege / decrete-lege
actinomicetă / actinomicete
crinoide / crinoide
sauropode / sauropode
cuvânt-vedetă / cuvinte-vedetă
carcinoză / carcinoze
belonide / belonide
cloroleucită / cloroleucite
portavoce / portavoce
parfe / parfeuri
dulce / dulciuri
meninge / meninge
amblipodă / amblipode
pianoforte / pianoforte
kilogram-forţă / kilograme-forţă
bie / bieuri
depliere / deplieri
pefele / pefeleuri
pahimeninge / pahimeninge
coclaură / coclauri
scombride / scombride
hiperbată / hiperbate
faringe / faringe
cefalotorace / cefalotorace
ghismană / ghismane



Words with misclassified plural:
fertilizator / fertilizatori
esofag / esofaguri
hogeag / hogeaguri
algoritm / algoritmi
milioersted / milioerstezi
portchei / portchei
tifdruc / tifdrucuri
cvadrilion / cvadrilioni
crug / cruguri
oligist / oligişti
arbănaş / arbănaşi
blocant / blocanţi
furtişag / furtişaguri
vagon-restaurant / vagoane-restaurant
rizotom / rizotomi
liofilizator / liofilizatori
fotomozaic / fotomozaicuri
mamon / mamoni
antijivrant / antijivranţi
lăor / lăori
cathartic / cathartici
landenian / landenieni
focalizator / focalizatori
meleag / meleaguri
haimanalâc / haimanalâcuri
dăruşag / dăruşaguri
azotobacterian / azotobacterieni
lapiez / lapiezuri
handicap / handicapuri
buburuz / buburuzi
andruc / andrucuri
bageac / bageacuri
puci / puciuri
acumulator / acumulatori
cocleţ / cocleţi
parascântei / parascântei
beci / beciuri
corpus / corpusuri
microparazit / microparaziţi
aerodinam / aerodinamuri
bunceag / bunceaguri
naufragiu / naufragii
branciog / brancioguri
sacrilegiu / sacrilegii
copil / copili
intermezzo / intermezzi
copolimer / copolimeri
sufragiu / sufragii
stagiu / stagii
caracterograf / caracterografi
perlofil / perlofili
cvadruplet / cvadrupleţi
hexaclorciclohexan / hexaclorciclohexanuri
berbantlâc / berbantlâcuri
hagealâc / hagealâcuri
antivirus / antiviruşi
şmag / şmaguri
greabăn / grebeni
fleuron / fleuroni
cuplor / cuplori
surguci / surguciuri
autovaccin / autovaccinuri
acetofan / acetofani
miez / miezi
salep / salepuri
prognostic / prognosticuri
fenian / fenieni
beteşug / beteşuguri
alişveriş / alişverişuri
cazacioc / cazaciocuri
rug / ruguri
vicleşug / vicleşuguri
gătejel / gătejei
tuşier / tuşieri
water-balast / water-balasturi
birlic / birlicuri
cordenci / cordenciuri
tehnocrat / tehnocraţi
presurizator / presurizatori
prodigiu / prodigii
arhipelag / arhipelaguri
fitohormon / fitohormoni
oment / omenţi
antigen / antigeni
mucilagiu / mucilagii
marochin / marochinuri
papirus / papirusuri
haos / haosuri
western / westernuri
feleşag / feleşaguri
corp / corpuri
atomal / atomali
vălug / văluguri
clon / cloni
caşerat / caşeraţi
condac / condaci
canaf / canafi
tabloid / tabloizi
feromon / feromoni
algicid / algicizi
goniograf / goniografi
mascon / masconi
meşteşug / meşteşuguri
calutron / calutroni
colegiu / colegii
drumeag / drumeaguri
mihrab / mihrabi
leşnic / leşnici
genom / genomi
slin / slinuri
lactofermentator / lactofermentatori
humerus / humeruşi
carcinotron / carcinotroni
şantan / şantanuri
dalton / daltoni
diluat / diluaţi
caş / caşi
indol / indoli
baldachin / baldachinuri
canceroid / canceroizi
afixoid / afixoizi
varec / vareci
sanhedrin / sanhedrinuri
belşug / belşuguri
bailag / bailaguri
arţag / arţaguri
zigzag / zigzaguri
ravagiu / ravagii
declin / declinuri
gag / gaguri
clastocarst / clastocarsturi
permisionar / permisionari
antielectron / antielectroni
tain / tainuri
campus / campusuri
haplobiont / haplobionţi
haraci / haraciuri
ulişor / ulişori
elativ / elativi
dixtuor / dixtuori
samson / samsoni
dopant / dopanţi
chişai / chişaiuri
şahăr-mahăr / şahăr-mahăruri
giumbuşluc / giumbuşlucuri
bionist / bionişti
câmp / câmpi
mozaic / mozaicuri
nanchin / nanchinuri
moloşag / moloşaguri
bedreag / bedreaguri
adagiu / adagii
şagrin / şagrinuri
alograf / alografi
labrador / labradori
butilcauciuc / butilcauciucuriuri
deodorant / deodoranţi
orceag / orceaguri
cocoloş / cocoloşi
balast / balasturi
steag / steaguri
compensator / compensatori
musafirlâc / musafirlâcuri
drug / druguri
hidrocauciuc / hidrocauciucuri
alonim / alonimi
cauciuc / cauciucuri
cavicorn / cavicorni
muştiuc / muştiucuri
martirologiu / martirologii
pandişpan / pandişpanuri
radiosextant / radiosextanţi
bariotrop / bariotropi
haitic / haiticuri
cristalin / cristalinuri
seriograf / seriografi
buciuc / buciucuri
arcaci / arcaciuri
miniordinator / miniordinatori
caulicul / cauliculi
antidetonant / antidetonanţi
gânj / gânji
solbanc / solbancuri
peloid / peloizi
liber-schimb / liber-schimburi
holocaust / holocausturi
hipotalamus / hipotalamuşi
scenonim / scenonimi
normotip / normotipi
tasator / tasatori
repartizator / repartizatori
micaşist / micaşisturi
calabalâc / calabalâcuri
ectofit / ectofiţi
huceag / huceaguri
polichet / policheţi
periclin / periclinuri
fermenticid / fermenticizi
legatar / legatari
borceag / borceaguri
periteag / periteaguri
Dashes in misclassified sg: 10
Dashes in misclassified pl: 4
-uri plurals: correct 2954, incorrect 90
